descriptions	collected_data	emulator_detected	collection_duration
isEmu vectorization detection. isEmu may be -1 if running on unsupported hardware	{ABI=x86, isEmu=-1}	false	179
Build data (Basic)	{osVersion=28, model=Google Nexus 4, fingerprint=Android/vbox86p/vbox86p:9/PI/138:userdebug/test-keys, hardware=vbox86, manufacturer=Genymotion, product=vbox86p, board=unknown, bootloader=unknown, serial=unknown, brand=Android, device=vbox86p, abi=x86, abi2=, supportedAbis=[x86], host=68d6ec695a7c, id=PI, radio=unknown, tags=test-keys, user=genymotion}	true	1
Emulator files	{x86=[fstab.vbox86, init.vbox86.rc, ueventd.vbox86.rc]}	false	4
Quemu known drivers	{}	false	2
QEmuProps	{}	false	2
Check Telephony	{Phone Number=15555218135, Device ID=000000000000000, Network Operator Name=Android, Network Country ISO=us, Network Type=3, Network Operator=310260, Phone Type=1, SIM Country ISO=us, SIM Serial Number=8931027000000000007, Subscriber ID=310270000000000, Voice Mail Number=+15552175049}	true	351
Check IP	{Exception=java.io.IOException: Cannot run program "/system/bin/netcfg" (in directory "/system/bin"): error=2, No such file or directory}	false	2
Check Installed Packages	{Suspect Packages=[com.google.android.launcher.layouts.genymotion]}	true	24
Suspect Available Activities	{Suspect Activities=[]}	false	5
Check Running Services	{Suspect Running Services=[]}	false	1
Build data (Different)	{osVersion=28, model=Google Nexus 4, fingerprint=Android/vbox86p/vbox86p:9/PI/138:userdebug/test-keys, hardware=vbox86, manufacturer=Genymotion, product=vbox86p, board=unknown, bootloader=unknown, serial=unknown, brand=Android, device=vbox86p, abi=x86, abi2=, supportedAbis=[x86], host=68d6ec695a7c, id=PI, radio=unknown, tags=test-keys, user=genymotion}	false	0
External File	{Name=/storage/emulated/0/windows/BstSharedFolder}	false	1
Build data (Paper)	{osVersion=28, model=Google Nexus 4, fingerprint=Android/vbox86p/vbox86p:9/PI/138:userdebug/test-keys, hardware=vbox86, manufacturer=Genymotion, product=vbox86p, board=unknown, bootloader=unknown, serial=unknown, brand=Android, device=vbox86p, abi=x86, abi2=, supportedAbis=[x86], host=68d6ec695a7c, id=PI, radio=unknown, tags=test-keys, user=genymotion}	true	1
Check Telephony Framgia	{Phone Number=15555218135, Device ID=000000000000000, Network Operator Name=Android, Network Country ISO=us, Network Type=3, Network Operator=310260, Phone Type=1, SIM Country ISO=us, SIM Serial Number=8931027000000000007, Subscriber ID=310270000000000, Voice Mail Number=+15552175049}	true	59
Open GL	{openGLRender=Android Emulator OpenGL ES Translator (Intel HD Graphics 5000 OpenGL Engine)}	true	283
Open GL Gingo	{openGLRender=null}	false	0
