descriptions	collected_data	emulator_detected	collection_duration
isEmu vectorization detection. isEmu may be -1 if running on unsupported hardware	{ABI=x86_64, isEmu=-1}	false	9
Build data (Basic)	{osVersion=30, model=sdk_gphone_x86_64, fingerprint=google/sdk_gphone_x86_64/generic_x86_64_arm64:11/RSR1.201211.001/7027799:user/release-keys, hardware=ranchu, manufacturer=Google, product=sdk_gphone_x86_64, board=goldfish_x86_64, bootloader=unknown, serial=unknown, brand=google, device=generic_x86_64_arm64, abi=x86_64, abi2=arm64-v8a, supportedAbis=[x86_64, x86, arm64-v8a, armeabi-v7a, armeabi], host=abfarm394, id=RSR1.201211.001, radio=unknown, tags=release-keys, user=android-build}	false	2
Emulator files	{pipes=[/dev/qemu_pipe]}	true	92
Quemu known drivers	{}	false	9
QEmuProps	{}	false	2
Check Telephony	{Phone Number=+15555215554, Device ID=null, Network Operator Name=Android, Network Country ISO=us, Network Type=13, Network Operator=310260, Phone Type=1, SIM Country ISO=us, SIM Serial Number=null, Subscriber ID=null, Voice Mail Number=+15552175049}	true	610
Check IP	{Exception=java.io.IOException: Cannot run program "/system/bin/netcfg" (in directory "/system/bin"): error=2, No such file or directory}	false	33
Check Installed Packages	{Suspect Packages=[]}	false	137
Suspect Available Activities	{Suspect Activities=[]}	false	23
Check Running Services	{Suspect Running Services=[]}	false	1
Build data (Different)	{osVersion=30, model=sdk_gphone_x86_64, fingerprint=google/sdk_gphone_x86_64/generic_x86_64_arm64:11/RSR1.201211.001/7027799:user/release-keys, hardware=ranchu, manufacturer=Google, product=sdk_gphone_x86_64, board=goldfish_x86_64, bootloader=unknown, serial=unknown, brand=google, device=generic_x86_64_arm64, abi=x86_64, abi2=arm64-v8a, supportedAbis=[x86_64, x86, arm64-v8a, armeabi-v7a, armeabi], host=abfarm394, id=RSR1.201211.001, radio=unknown, tags=release-keys, user=android-build}	false	1
External File	{Name=/storage/emulated/0/windows/BstSharedFolder}	false	5
Build data (Paper)	{osVersion=30, model=sdk_gphone_x86_64, fingerprint=google/sdk_gphone_x86_64/generic_x86_64_arm64:11/RSR1.201211.001/7027799:user/release-keys, hardware=ranchu, manufacturer=Google, product=sdk_gphone_x86_64, board=goldfish_x86_64, bootloader=unknown, serial=unknown, brand=google, device=generic_x86_64_arm64, abi=x86_64, abi2=arm64-v8a, supportedAbis=[x86_64, x86, arm64-v8a, armeabi-v7a, armeabi], host=abfarm394, id=RSR1.201211.001, radio=unknown, tags=release-keys, user=android-build}	true	0
Check Telephony Framgia	{Phone Number=+15555215554, Device ID=null, Network Operator Name=Android, Network Country ISO=us, Network Type=13, Network Operator=310260, Phone Type=1, SIM Country ISO=us, SIM Serial Number=null, Subscriber ID=null, Voice Mail Number=+15552175049}	true	231
Open GL	{openGLRender=Android Emulator OpenGL ES Translator (Intel HD Graphics 5000 OpenGL Engine)}	true	80
Open GL Gingo	{openGLRender=null}	false	0
