descriptions	collected_data	emulator_detected	collection_duration
isEmu vectorization detection. isEmu may be -1 if running on unsupported hardware	{ABI=x86_64, isEmu=-1}	false	15
Build data (Basic)	{osVersion=25, model=ONEPLUS A5000, fingerprint=OnePlus/OnePlus5/OnePlus5:7.1.1/NMF26X/10171617:user/release-keys, hardware=qcom, manufacturer=OnePlus, product=OnePlus5, board=msm8998, bootloader=unknown, serial=573388116gfg, brand=OnePlus, device=OnePlus5, abi=x86_64, abi2=arm64-v8a, supportedAbis=[x86_64, x86, arm64-v8a, armeabi-v7a, armeabi], host=Build2, id=NMF26X, radio=unknown, tags=release-keys, user=build}	false	10
Emulator files	{}	false	50
Quemu known drivers	{}	false	4
QEmuProps	{}	false	12
Check Telephony	{Phone Number=, Device ID=567294909334509, Network Operator Name=Claro BR, Network Country ISO=br, Network Type=13, Network Operator=72405, Phone Type=1, SIM Country ISO=br, SIM Serial Number=89550531635272418323, Subscriber ID=724052724183230, Voice Mail Number=null}	false	31
Check IP	{Exception=java.io.IOException: Cannot run program "/system/bin/netcfg" (in directory "/system/bin"): error=2, No such file or directory}	false	4
Check Installed Packages	{Suspect Packages=[]}	false	13
Suspect Available Activities	{Suspect Activities=[]}	false	3
Check Running Services	{Suspect Running Services=[]}	false	0
Build data (Different)	{osVersion=25, model=ONEPLUS A5000, fingerprint=OnePlus/OnePlus5/OnePlus5:7.1.1/NMF26X/10171617:user/release-keys, hardware=qcom, manufacturer=OnePlus, product=OnePlus5, board=msm8998, bootloader=unknown, serial=573388116gfg, brand=OnePlus, device=OnePlus5, abi=x86_64, abi2=arm64-v8a, supportedAbis=[x86_64, x86, arm64-v8a, armeabi-v7a, armeabi], host=Build2, id=NMF26X, radio=unknown, tags=release-keys, user=build}	false	0
External File	{Name=/storage/emulated/0/windows/BstSharedFolder}	true	26
Build data (Paper)	{osVersion=25, model=ONEPLUS A5000, fingerprint=OnePlus/OnePlus5/OnePlus5:7.1.1/NMF26X/10171617:user/release-keys, hardware=qcom, manufacturer=OnePlus, product=OnePlus5, board=msm8998, bootloader=unknown, serial=573388116gfg, brand=OnePlus, device=OnePlus5, abi=x86_64, abi2=arm64-v8a, supportedAbis=[x86_64, x86, arm64-v8a, armeabi-v7a, armeabi], host=Build2, id=NMF26X, radio=unknown, tags=release-keys, user=build}	true	2
Check Telephony Framgia	{Phone Number=, Device ID=567294909334509, Network Operator Name=Claro BR, Network Country ISO=br, Network Type=13, Network Operator=72405, Phone Type=1, SIM Country ISO=br, SIM Serial Number=89550531635272418323, Subscriber ID=724052724183230, Voice Mail Number=null}	false	16
Open GL	{openGLRender=Adreno (TM) 540}	false	38
Open GL Gingo	{openGLRender=null}	false	0
