descriptions	collected_data	emulator_detected	collection_duration
isEmu vectorization detection. isEmu may be -1 if running on unsupported hardware	{ABI=x86, isEmu=-1}	false	2
Build data (Basic)	{osVersion=25, model=SM-G930L, fingerprint=samsung/dream2ltexx/dream2lte:7.1.2/NRD90M/700210421:user/release-keys, hardware=samsungexynos8890, manufacturer=samsung, product=dream2ltexx, board=universal8890, bootloader=G9550ZHU1AQEE, serial=0E723E400006C19C, brand=samsung, device=dream2lte, abi=x86, abi2=armeabi-v7a, supportedAbis=[x86, armeabi-v7a, armeabi], host=SWHE9411, id=NRD90M, radio=unknown, tags=release-keys, user=se.infra}	false	10
Emulator files	{}	false	35
Quemu known drivers	{}	false	13
QEmuProps	{}	false	12
Check Telephony	{Phone Number=13812582808, Device ID=864394020108199, Network Operator Name=T-Mobile, Network Country ISO=US, Network Type=2, Network Operator=31016, Phone Type=1, SIM Country ISO=US, SIM Serial Number=89014103211081919223, Subscriber ID=310161081919223, Voice Mail Number=null}	false	48
Check IP	{Exception=java.io.IOException: Cannot run program "/system/bin/netcfg" (in directory "/system/bin"): error=2, No such file or directory}	false	2
Check Installed Packages	{Suspect Packages=[]}	false	12
Suspect Available Activities	{Suspect Activities=[]}	false	10
Check Running Services	{Suspect Running Services=[]}	false	3
Build data (Different)	{osVersion=25, model=SM-G930L, fingerprint=samsung/dream2ltexx/dream2lte:7.1.2/NRD90M/700210421:user/release-keys, hardware=samsungexynos8890, manufacturer=samsung, product=dream2ltexx, board=universal8890, bootloader=G9550ZHU1AQEE, serial=0E723E400006C19C, brand=samsung, device=dream2lte, abi=x86, abi2=armeabi-v7a, supportedAbis=[x86, armeabi-v7a, armeabi], host=SWHE9411, id=NRD90M, radio=unknown, tags=release-keys, user=se.infra}	false	1
External File	{Name=/storage/emulated/0/windows/BstSharedFolder}	false	1
Build data (Paper)	{osVersion=25, model=SM-G930L, fingerprint=samsung/dream2ltexx/dream2lte:7.1.2/NRD90M/700210421:user/release-keys, hardware=samsungexynos8890, manufacturer=samsung, product=dream2ltexx, board=universal8890, bootloader=G9550ZHU1AQEE, serial=0E723E400006C19C, brand=samsung, device=dream2lte, abi=x86, abi2=armeabi-v7a, supportedAbis=[x86, armeabi-v7a, armeabi], host=SWHE9411, id=NRD90M, radio=unknown, tags=release-keys, user=se.infra}	true	1
Check Telephony Framgia	{Phone Number=13812582808, Device ID=864394020108199, Network Operator Name=T-Mobile, Network Country ISO=US, Network Type=2, Network Operator=31016, Phone Type=1, SIM Country ISO=US, SIM Serial Number=89014103211081919223, Subscriber ID=310161081919223, Voice Mail Number=null}	false	28
Open GL	{openGLRender=Adreno (TM) 640}	false	33
Open GL Gingo	{openGLRender=null}	false	0
